{
  "input_dim": 5,
  "hidden_dims": [
    32,
    16
  ],
  "dropout_p": 0.2,
  "features": [
    "rsi",
    "macd_hist",
    "atr_pct",
    "rvol",
    "vwap_dist"
  ],
  "norm_mean": [
    49.95529556274414,
    -0.0001028816623147577,
    0.2801762819290161,
    1.0682371854782104,
    -0.0023948533926159143
  ],
  "norm_std": [
    17.205368041992188,
    0.5496562123298645,
    0.19931215047836304,
    1.291927456855774,
    0.7378900051116943
  ],
  "pos_weight": 6.1766225713104586,
  "accuracy": 0.7026,
  "precision": 0.2805
}